age_group,n_taxpayers_1,n_taxpayers_2,n_taxpayers_3,share_taxpayers_1,share_taxpayers_2,share_taxpayers_3,avg_tax_1,avg_tax_2,avg_tax_3,avg_tax_if_positive_1,avg_tax_if_positive_2,avg_tax_if_positive_3,pct_chg_income_1,pct_chg_income_2,pct_chg_income_3
Under 35,26841.121614877844,50809.03513088413,2782607.9744254816,9.801558165012125e-4,0.0018553908450214,0.1016123480348161,1.6378786624834576,10.463814441705754,85.6245814910495,1671.0390683902367,5639.682048547045,842.6592156074515,-1.7050850801816803e-5,-1.0893171939421536e-4,-8.913798057288234e-4
35-44,51107.83615402682,53091.23621689689,2292345.9458960565,0.00218300053456602,0.0022677187250301,0.09791438655747252,83.12836654480672,99.63802360176972,166.9304769960222,38079.86540934697,43937.55826152873,1704.8615925101003,-4.324516727637272e-4,-5.183384657778882e-4,-8.68408306486645e-4
45-54,29640.292490704225,38550.86458443208,2854337.1946229897,0.00136397165765028,0.00177401375804811,0.13134941350743376,17.932362640428817,35.41468147002275,184.409145000436,13147.166614386158,19963.025263675645,1403.9586479767518,-9.125922158855308e-5,-1.802281343828292e-4,-9.313056400916622e-4
55-64,99988.3892730939,101366.8570267914,3002506.26785897,0.00423689037118707,0.00429530132064923,0.1272276710146357,121.57977741684545,200.58928259698857,229.8357091150519,28695.52118781436,46699.69988663558,1806.4915224975912,-5.959537101055166e-4,-9.83395601797128e-4,-0.00112450079734357
65+,83731.96051092737,105248.6360646132,2682225.516540808,0.00202268040023537,0.00254245036208863,0.06479347847839133,84.28087865845308,111.71188391578484,174.17290851251792,41667.91681406795,43938.66860944846,2688.12406129121,-5.913006996162061e-4,-7.836073190677185e-4,-0.00120767361140771
