income_group,n_taxpayers,share_taxpayers,avg_tax,avg_tax_if_positive,pct_chg_income
0,1428.9860562772699,3.867771288233646e-5,0.029643900299877624,766.4336407392784,-5.097078450334087e-8
20,26837.041244227305,9.286758580511259e-4,1.5520895883162429,1671.2931372776102,-2.6067714692535208e-5
40,28331.298509874498,0.0011159865156574423,11.79967316731244,10573.311596297466,-1.218972011300361e-4
60,39721.82087406906,0.0016712487415622692,14.06449077976682,8415.55803753034,-9.20522158690537e-5
80,33846.37751620224,0.0030192993412447165,18.117528373562266,6000.57375102571,-7.149637193467442e-5
90,63907.26051857123,0.011324184850410859,191.3908363431085,16901.06960203538,-4.827114941679519e-4
95,77575.9155391666,0.016872622239658266,766.9114092857336,45453.00655657105,-9.246442840398631e-4
99,12028.09791471058,0.012589505732474644,1175.0294095783509,93334.03824960031,-4.437241207172111e-4
99.9,7632.801870531379,0.06474355349562608,18043.505535234108,278691.9246941409,-0.0011202475831360386
