income_group,n_taxpayers,share_taxpayers,avg_tax,avg_tax_if_positive,pct_chg_income
0,1428.9860562772699,3.867771288233646e-5,0.032647729243001355,844.0966854043505,-5.911243893838633e-8
20,26837.041244227305,9.286758580511259e-4,1.6737017637239084,1802.2453681915,-2.81102201738745e-5
40,28331.298509874498,0.0011159865156574423,13.799369218896443,12365.17558706079,-1.425551760029447e-4
60,39721.82087406906,0.0016712487415622692,16.439741635832796,9836.801205585389,-1.0759825361542456e-4
80,33846.37751620224,0.0030192993412447165,20.453221417238797,6774.16152080068,-8.071361035333268e-5
90,63907.26051857123,0.011324184850410859,212.6182574553118,18775.590496264078,-5.362496904483348e-4
95,77575.9155391666,0.016872622239658266,854.8125984287254,50662.699981484235,-0.0010306243635083278
99,12028.09791471058,0.012589505732474644,1322.4928379326884,105047.24061734343,-4.994104546515711e-4
99.9,7632.801870531379,0.06474355349562608,20887.559859039222,322619.9170617092,-0.001296823303210433
