age_group,n_taxpayers,share_taxpayers,avg_tax,avg_tax_if_positive,pct_chg_income
Under 35,50809.03513088413,0.0018553908450214054,10.34263054865342,5574.367565952983,-1.0767015556329909e-4
35-44,53091.23621689689,0.0022677187250301017,92.36046780644266,40728.36140876187,-4.804790525819824e-4
45-54,41433.32005096833,0.0019066571036570593,33.51751243611511,17579.203083672946,-1.7057329008105356e-4
55-64,101424.46971025785,0.004297742590336761,185.64472662777425,43195.86916284523,-9.101375238487806e-4
65+,105248.6360646132,0.0025424503620886363,98.43841514090344,38717.9299972786,-6.904665744016421e-4
