wealth_group,n_taxpayers,share_taxpayers,avg_tax,avg_tax_if_positive,pct_chg_income
0,17449.356439083953,6.345790394812419e-4,2.688430337367593,4236.557103375714,-5.716962785408158e-5
20,1344.4542855343987,4.88672980817644e-5,0.14601255660164938,2987.94004033827,-2.1923062721238604e-6
40,43031.35190632048,0.001563939663812758,10.718130584816377,6853.289057639502,-1.0929619046554423e-4
60,45809.16722690231,0.001666809007133766,16.26861282531684,9760.334120879417,-1.2106884547841766e-4
80,60765.54637871599,0.0044141860035842905,100.09915519966871,22676.696251220234,-5.00185465486458e-4
90,43985.96107078659,0.006400283001755841,97.69262455104374,15263.797635861249,-3.124004038423133e-4
95,82828.84382061736,0.015057361617078028,728.3157983946087,48369.41669572141,-8.936368943709987e-4
99,42257.44899506814,0.034110897275896744,1470.6488068963895,43113.75320917082,-8.358057948023646e-4
99.9,11594.49890058845,0.08448786344032373,29508.62379573574,349264.6469463457,-0.00392854553107035
