income_group,n_taxpayers,share_taxpayers,avg_tax,avg_tax_if_positive,pct_chg_income
0,1909.366102884846,5.167994018572598e-5,0.6096819705820398,11797.265406867366,-2.105233861162083e-5
20,42302.99762044119,0.0014638637790128372,2.7707525194626728,1892.766635247401,-4.653544918069482e-5
40,47457.89045216668,0.0018693942244725128,38.92955747339244,20824.691209462362,-4.0216402860912965e-4
60,50768.99429389632,0.0021360455275464454,35.49505515298964,16617.180998834236,-2.3231544820146992e-4
80,33846.37751620224,0.0030192993412447165,22.666810318107434,7507.308072595069,-8.944899478898864e-5
90,75046.05825881803,0.013297948137999102,283.8071429688896,21342.175501339643,-7.157969140824184e-4
95,78074.04499396642,0.016980964501027273,1086.3958162994913,63977.2738606084,-0.0013098379677017964
99,14968.166064713305,0.015666800670609177,1206.4895882708172,77009.31502461663,-4.556043681511288e-4
99.9,7632.801870531379,0.06474355349562608,14353.007332587256,221690.13836345746,-8.911196188383078e-4
