wealth_group,n_taxpayers,share_taxpayers,avg_tax,avg_tax_if_positive,pct_chg_income
0,17449.356439083953,6.345790394812419e-4,2.3911456605315764,3768.0816915829737,-5.0847851870078414e-5
20,1344.4542855343987,4.88672980817644e-5,0.08278867138219101,1694.1528308700354,-1.2430309266287324e-6
40,43031.35190632048,0.001563939663812758,9.940287101741765,6355.927489880365,-1.0136427278589396e-4
60,45809.16722690231,0.001666809007133766,14.19906017182124,8518.708568918673,-1.0566751082832414e-4
80,60765.54637871599,0.0044141860035842905,62.99378232018725,14270.758474843768,-3.1477362890550896e-4
90,43985.96107078659,0.006400283001755841,91.23951041848753,14255.543136679593,-2.9176470621093513e-4
95,82828.84382061736,0.015057361617078028,617.9574917910272,41040.22387893913,-7.58228250759737e-4
99,42257.44899506814,0.034110897275896744,1515.4620570659872,44427.504935111596,-8.612742642289451e-4
99.9,11594.49890058845,0.08448786344032373,31139.849112144668,368571.8616158362,-0.00414517530037671
