age_group,n_taxpayers,share_taxpayers,avg_tax,avg_tax_if_positive,pct_chg_income
Under 35,50809.03513088413,0.0018553908450214054,9.586483687739241,5166.827093850753,-9.979842024796098e-5
35-44,53091.23621689689,0.0022677187250301017,97.41421052276883,42956.919413132135,-5.067697110206365e-4
45-54,38550.86458443208,0.001774013758048118,32.23515508995926,18170.746953747646,-1.6404727142109703e-4
55-64,101366.85702679139,0.004295301320649231,178.77609956399365,41621.317392692676,-8.764227061278639e-4
65+,105248.6360646132,0.0025424503620886363,104.197545907449,40983.11906543976,-7.307859239354875e-4
