wealth_group,n_taxpayers,share_taxpayers,avg_tax,avg_tax_if_positive,pct_chg_income
0,17449.356439083953,6.345790394812419e-4,2.688430337367593,4236.557103375714,-5.716962785408158e-5
20,1344.4542855343987,4.88672980817644e-5,0.14573755955107368,2982.31261542692,-2.188177327512354e-6
40,43031.35190632048,0.001563939663812758,10.409350193738238,6655.851523300513,-1.0614745849514719e-4
60,45809.16722690231,0.001666809007133766,15.278003920680215,9166.019535106889,-1.1369686621425072e-4
80,60765.54637871599,0.0044141860035842905,97.03748592239428,21983.098547184116,-4.848866103706041e-4
90,43985.96107078659,0.006400283001755841,91.61854855936699,14314.765227448934,-2.9297679022266635e-4
95,82828.84382061736,0.015057361617078028,690.6595140881598,45868.5612826629,-8.474329742647181e-4
99,45197.517145070866,0.03648416790708377,1281.2712827268795,35118.555697637494,-7.281779020220098e-4
99.9,11594.49890058845,0.08448786344032373,25459.174019546157,301335.2803924166,-0.0033892055727917105
