income_group,n_taxpayers,share_taxpayers,avg_tax,avg_tax_if_positive,pct_chg_income
0,1909.366102884846,5.167994018572598e-5,0.41298758434189753,7991.255076103296,-1.298615895712118e-5
20,42302.99762044119,0.0014638637790128372,2.7986361986881687,1911.8146365882767,-4.700376222144971e-5
40,47457.89045216668,0.0018693942244725128,27.54668165944409,14735.619324606045,-2.84572576468331e-4
60,50768.99429389632,0.0021360455275464454,30.382095446547584,14223.524290442338,-1.9885108194767933e-4
80,33846.37751620224,0.0030192993412447165,22.976515592115188,7609.883285915943,-9.067117051870351e-5
90,75046.05825881803,0.013297948137999102,287.1064848119988,21590.28459372521,-7.241182645780241e-4
95,78074.04499396642,0.016980964501027273,1061.4938977265176,62510.813073209225,-0.0012798143999319922
99,12028.09791471058,0.012589505732474644,1332.2439475788842,105821.78330816908,-5.030927476380317e-4
99.9,7632.801870531379,0.06474355349562608,18893.311411523875,291817.6465677044,-0.001173008560053159
