wealth_group,n_taxpayers,share_taxpayers,avg_tax,avg_tax_if_positive,pct_chg_income
0,2527840.239493562,0.09192971882601242,15.85460867390548,172.46445302320737,-3.371491777416795e-4
20,1603990.4600710329,0.05830074014115084,12.41011199229194,212.8637125745925,-1.8633168949083257e-4
40,2972035.1994334823,0.10801621433508737,46.36035973953848,429.19815348943445,-4.727513504380908e-4
60,2308377.29362213,0.08399244731549806,65.71965977048937,782.4472541397537,-4.890769372337436e-4
80,1580343.33762196,0.11480073590240866,181.50198317056004,1581.0175931699048,-9.009554712039588e-4
90,961494.7982117673,0.13990461191397105,358.7695655566615,2564.3869823052937,-0.0011445427827649131
95,1273051.2144013292,0.2314265370384144,1357.576531547693,5866.122999206222,-0.0016637366367592283
99,344450.48401469155,0.2780460097870399,3658.7100182256277,13158.64960992569,-0.002058417616788777
99.9,42439.872474350945,0.30925477511199173,15089.027600797283,48791.575151371646,-0.001961115372126579
