age_group,n_taxpayers,share_taxpayers,avg_tax,avg_tax_if_positive,pct_chg_income
Under 35,2782607.9744254816,0.1016123480348161,41.842332868558955,411.78393844636133,-4.3559232517259805e-4
35-44,2292345.9458960565,0.09791438655747253,81.17287880450841,829.0189180408397,-4.222788042290718e-4
45-54,2854337.1946229897,0.13134941350743376,90.865913014101,691.7877330983165,-4.588976199474662e-4
55-64,3002506.26785897,0.1272276710146357,113.36634134660179,891.0509831902891,-5.546790019321398e-4
65+,2682225.516540808,0.06479347847839133,86.38309917249529,1333.2066930363078,-5.990574719455219e-4
