wealth_group,n_taxpayers,share_taxpayers,avg_tax,avg_tax_if_positive,pct_chg_income
0,2527840.239493562,0.09192971882601242,15.125412338483232,164.53234635808923,-3.216427751582787e-4
20,1603990.4600710329,0.05830074014115084,12.298596280935998,210.95094592555935,-1.8465733627672537e-4
40,2972035.1994334823,0.10801621433508737,46.196977562128374,427.68558263684685,-4.7108529035050546e-4
60,2308377.29362213,0.08399244731549806,65.51816373119212,780.048276068066,-4.8757743060044104e-4
80,1580343.33762196,0.11480073590240866,175.59676251713756,1529.5787186104033,-8.714476743055676e-4
90,961494.7982117673,0.13990461191397105,345.6051866905226,2470.291593411082,-0.0011026430944574323
95,1273051.2144013292,0.2314265370384144,1302.3380448088456,5627.436081769097,-0.0015961283691498772
99,344450.48401469155,0.2780460097870399,3489.683751894212,12550.742068073621,-0.001963422938216233
99.9,42439.872474350945,0.30925477511199173,14290.255478519568,46208.68173610117,-0.0018574206996061237
