income_group,n_taxpayers,share_taxpayers,avg_tax,avg_tax_if_positive,pct_chg_income
0,1791209.3424932312,0.048481845121425955,19.833725236568387,409.095924193758,-6.15547272597629e-4
20,2471576.263380783,0.08552705889765944,34.411631186876996,402.3478841714118,-5.779515503724152e-4
40,2612553.669933804,0.10291002602868007,54.66259438829985,531.1687937292513,-5.64695069766735e-4
60,2619828.2284717527,0.11022618131791119,99.92254156704668,906.5227550508436,-6.539939135049702e-4
80,1755119.4600165023,0.15656715484240136,237.18163701608614,1514.8875717568628,-9.359790246511881e-4
90,1007735.3166395782,0.17856783272062926,614.0955336181861,3439.004238680229,-0.001548825316084022
95,970198.957590441,0.2110165300011051,1354.3264267109575,6418.105855043039,-0.0016328746371744906
99,343276.2826117281,0.35929859886470045,3759.7908281977684,10464.251294265627,-0.0014198026583192912
99.9,42525.37820648556,0.36071211404858,12394.449015125843,34361.055624144035,-7.695207301255405e-4
