age_group,n_taxpayers,share_taxpayers,avg_tax,avg_tax_if_positive,pct_chg_income
Under 35,2782607.9744254816,0.1016123480348161,80.99843991920442,797.1318593233511,-8.432201639089524e-4
35-44,2292345.9458960565,0.09791438655747253,156.0599175041179,1593.8405273316587,-8.118573139488838e-4
45-54,2854337.1946229897,0.13134941350743376,178.10048720920776,1355.9290632015507,-8.994710229539718e-4
55-64,3002506.26785897,0.1272276710146357,222.55902686311134,1749.2973430088896,-0.0010889906467435248
65+,2682225.516540808,0.06479347847839133,170.84446507421228,2636.754023496192,-0.0011850512213765927
