age_group,n_taxpayers,share_taxpayers,avg_tax,avg_tax_if_positive,pct_chg_income
Under 35,2782607.9744254816,0.1016123480348161,85.6245814910495,842.6592156074515,-8.913798057288234e-4
35-44,2292345.9458960565,0.09791438655747253,166.9304769960222,1704.8615925101005,-8.68408306486645e-4
45-54,2854337.1946229897,0.13134941350743376,184.409145000436,1403.9586479767518,-9.313056400916622e-4
55-64,3002506.26785897,0.1272276710146357,229.8357091150519,1806.4915224975912,-0.001124500797343572
65+,2682225.516540808,0.06479347847839133,174.17290851251792,2688.12406129121,-0.0012076736114077188
