income_group,n_taxpayers,share_taxpayers,avg_tax,avg_tax_if_positive,pct_chg_income
0,1791209.3424932312,0.048481845121425955,9.772282009965158,201.56580232228865,-3.0370409715723513e-4
20,2471576.263380783,0.08552705889765944,17.151114605169425,200.5343668568356,-2.880570590461523e-4
40,2612553.669933804,0.10291002602868007,27.211155332985886,264.4169512249699,-2.811064024886992e-4
60,2619828.2284717527,0.11022618131791119,49.28184388112639,447.09744356460203,-3.225501016998542e-4
80,1755119.4600165023,0.15656715484240136,117.46061909460127,750.225161930264,-4.6352945817484687e-4
90,1007735.3166395782,0.17856783272062926,302.2820694221074,1692.8136765541083,-7.62392976481604e-4
95,970198.957590441,0.2110165300011051,666.793270762322,3159.9101300681514,-8.039345600828252e-4
99,343276.2826117281,0.35929859886470045,1837.5761839678642,5114.342749384982,-6.939203987878223e-4
99.9,42525.37820648556,0.36071211404858,6016.9261735717255,16680.6878372856,-3.735663777024604e-4
